<?xml version="1.0" encoding="UTF-8"?>
<project-private xmlns="http://www.netbeans.org/ns/project-private/1">
    <editor-bookmarks xmlns="http://www.netbeans.org/ns/editor-bookmarks/2" lastBookmarkId="0"/>
    <open-files xmlns="http://www.netbeans.org/ns/projectui-open-files/2">
        <group>
            <file>file:/C:/Users/Ndricim%20Rrapi/Documents/NetBeansProjects/Panzer%202017%20Project/src/panzer/pkg2017/MainMenuController.java</file>
            <file>file:/C:/Users/Ndricim%20Rrapi/Documents/NetBeansProjects/Panzer%202017%20Project/src/panzer/entities/Bullet.java</file>
            <file>file:/C:/Users/Ndricim%20Rrapi/Documents/NetBeansProjects/Panzer%202017%20Project/src/panzer/entities/Castle.java</file>
            <file>file:/C:/Users/Ndricim%20Rrapi/Documents/NetBeansProjects/Panzer%202017%20Project/src/panzer/pkg2017/GamePanel.java</file>
            <file>file:/C:/Users/Ndricim%20Rrapi/Documents/NetBeansProjects/Panzer%202017%20Project/src/panzer/entities/PlayerTank.java</file>
            <file>file:/C:/Users/Ndricim%20Rrapi/Documents/NetBeansProjects/Panzer%202017%20Project/src/panzer/brainClass/GameEngine.java</file>
            <file>file:/C:/Users/Ndricim%20Rrapi/Documents/NetBeansProjects/Panzer%202017%20Project/src/panzer/entities/GameObject.java</file>
            <file>file:/C:/Users/Ndricim%20Rrapi/Documents/NetBeansProjects/Panzer%202017%20Project/src/panzer/entities/Tank.java</file>
        </group>
    </open-files>
</project-private>
